Jill,Doe
Joe,Doe
Justin,Doe
Jane,Doe
John,Doe
Jill1,Doe1
Joe2,Doe2
Justin3,Doe3
Jane4,Doe4
John5,Doe5
Jill,Doe
Joe,Doe
Justin,Doe
Jane,Doe
John,Doe
Jill1,Doe1
Joe2,Doe2
Justin3,Doe3
Jane4,Doe4
John5,Doe5
Jill,Doe
Joe,Doe
Justin,Doe
Jane,Doe
John,Doe
Jill1,Doe1
Joe2,Doe2
Justin3,Doe3
Jane4,Doe4
John5,Doe5
Jill,Doe
Joe,Doe
Justin,Doe
Jane,Doe
John,Doe
Jill1,Doe1
Joe2,Doe2
Justin3,Doe3
Jane4,Doe4
John5,Doe5
Jill,Doe
Joe,Doe
Justin,Doe
Jane,Doe
John,Doe
Jill1,Doe1
Joe2,Doe2
Justin3,Doe3
Jane4,Doe4
John5,Doe5
Jill,Doe
Joe,Doe
Justin,Doe
Jane,Doe
John,Doe
Jill1,Doe1
Joe2,Doe2
Justin3,Doe3
Jane4,Doe4
John5,Doe5
Jill,Doe
Joe,Doe
Justin,Doe
Jane,Doe
John,Doe
Jill1,Doe1
Joe2,Doe2
Justin3,Doe3
Jane4,Doe4
John5,Doe5
Jill,Doe
Joe,Doe
Justin,Doe
Jane,Doe
John,Doe
Jill1,Doe1
Joe2,Doe2
Justin3,Doe3
Jane4,Doe4
John5,Doe5
Jill,Doe
Joe,Doe
Justin,Doe
Jane,Doe
John,Doe
Jill1,Doe1
Joe2,Doe2
Justin3,Doe3
Jane4,Doe4
John5,Doe5
Jill,Doe
Joe,Doe
Justin,Doe
Jane,Doe
John,Doe
Jill1,Doe1
Joe2,Doe2
Justin3,Doe3
Jane4,Doe4
John5,Doe5
